model,model_kind,run_id,threshold_method,split,n_seeds,precision_mean,precision_std,recall_mean,recall_std,f1_mean,f1_std,roc_auc_mean,roc_auc_std,pr_auc_mean,pr_auc_std,tp_mean,tp_std,fp_mean,fp_std,fn_mean,fn_std,tn_mean,tn_std,balanced_accuracy_mean,balanced_accuracy_std,accuracy_mean,accuracy_std,threshold,source
"VAE (dense, hidden=[128, 64], window=120)",vae_dense,win120,val_f1,test,3,0.904826680877341,0.0085040127628744,0.6522503516174402,0.0133568353820129,0.7580334423164375,0.0117898388330698,0.997119897596359,0.0004309525669156,0.8932050429260352,0.0130928364299605,,,,,,,,,0.8245778514895429,0.0067859002709771,0.9820213799805636,0.0007920797713644,178.01038686116536,reports/tables/grid_aggregated.csv
Isolation Forest,isolation_forest,20260430_063747,val_f1,test,1,0.8321067157313707,0.0,0.9551214361140443,0.0,0.8893805309734513,0.0,0.9963776935984964,0.0,0.8358169706383691,0.0,1809.0,0.0,365.0,0.0,85.0,0.0,41651.0,0.0,0.973217134660221,0.0,0.98975176497381,0.0,0.1617873985213778,models/baseline_runs/isolation_forest/20260430_063747
PCA reconstruction,pca_recon,20260430_063858,val_f1,test,1,0.13648561117794022,0.0,0.7787750791974657,0.0,0.23226517597039603,0.0,0.7963469163655461,0.0,0.09398377493741301,0.0,1475.0,0.0,9332.0,0.0,419.0,0.0,32684.0,0.0,0.7783346073824343,0.0,0.777932133910271,0.0,54.150312573610236,models/baseline_runs/pca_recon/20260430_063858
OC-SVM,oc_svm,20260430_063918,val_f1,test,1,0.31958411453894664,0.0,0.9899683210137276,0.0,0.4831851565519907,0.0,0.912978454529516,0.0,0.19724496123514362,0.0,1875.0,0.0,3992.0,0.0,19.0,0.0,38024.0,0.0,0.9474784483971912,0.0,0.9086540651332271,0.0,0.04369442361308726,models/baseline_runs/oc_svm/20260430_063918
LOF,lof,20260430_063943,val_f1,test,1,0.06768636980916304,0.0,1.0,0.0,0.12679073503815774,0.0,0.7397212938843231,0.0,0.07174091003562753,0.0,1894.0,0.0,26088.0,0.0,0.0,0.0,15928.0,0.0,0.6895468392993145,0.0,0.4058756547483489,0.0,1.1356995977349018,models/baseline_runs/lof/20260430_063943
